{"count":1,"self":2705.3498368,"total":21384.4516464,"children":{"InitializeActuators":{"count":32,"self":0.0019841,"total":0.0019841,"children":null},"InitializeSensors":{"count":32,"self":0.0049876,"total":0.0049876,"children":null},"AgentSendState":{"count":3125151,"self":1634.3004159999998,"total":2340.9824642999997,"children":{"CollectObservations":{"count":20000992,"self":31.0885888,"total":31.0885885,"children":null},"WriteActionMask":{"count":20000992,"self":13.646759999999999,"total":13.6467596,"children":null},"RequestDecision":{"count":20000992,"self":55.539648,"total":661.9467367,"children":{"AgentInfo.ToProto":{"count":20000992,"self":46.5094336,"total":606.4070869,"children":{"GenerateSensorData":{"count":20000992,"self":451.834368,"total":559.8976539,"children":{"RayPerceptionSensor.Perceive":{"count":20000992,"self":108.0632832,"total":108.0632814,"children":null}}}}}}}}},"DecideAction":{"count":3125151,"self":16210.375475199999,"total":16210.375322299999,"children":null},"AgentAct":{"count":3125151,"self":98.187872,"total":99.278342,"children":{"AgentInfo.ToProto":{"count":25227,"self":0.1339677,"total":1.0904728,"children":{"GenerateSensorData":{"count":25227,"self":0.804889,"total":0.9565051,"children":{"RayPerceptionSensor.Perceive":{"count":25227,"self":0.1516161,"total":0.1516161,"children":null}}}}}}},"AgentInfo.ToProto":{"count":614814,"self":3.8116136,"total":28.4577332,"children":{"GenerateSensorData":{"count":614814,"self":20.103696,"total":24.646119799999997,"children":{"RayPerceptionSensor.Perceive":{"count":614814,"self":4.5424248,"total":4.5424245999999995,"children":null}}}}}},"gauges":{"BasicFindTarget.CumulativeReward":{"count":640041,"max":1.98900008,"min":-6,"runningAverage":0.560982168,"value":-0.07200003,"weightedAverage":0.5870989}},"metadata":{"timer_format_version":"0.1.0","start_time_seconds":"1657739214","unity_version":"2021.3.4f1","command_line_arguments":"C:\\Program Files\\Unity\\Hub\\Editor\\2021.3.4f1\\Editor\\Unity.exe -projectpath C:\\Projects\\Machine-Learning\\MLTestArea\\MLTest2 -useHub -hubIPC -cloudEnvironment production -licensingIpc LicenseClient-ideto -hubSessionId d0d19300-01d9-11ed-9392-6bd780a0e981 -accessToken JuYdXZbGZcTK6J95eLnl090NLXHUCPt_a09R6F-sY6w005f","communication_protocol_version":"1.5.0","com.unity.ml-agents_version":"2.0.1","scene_name":"SampleScene","end_time_seconds":"1657760598"}}