{"count":1,"self":1567.4108927999998,"total":19866.2703192,"children":{"InitializeActuators":{"count":32,"self":0.0019947999999999997,"total":0.0019947999999999997,"children":null},"InitializeSensors":{"count":32,"self":0.0039892999999999994,"total":0.0039892999999999994,"children":null},"AgentSendState":{"count":3125151,"self":1606.5569792,"total":2274.2139224,"children":{"CollectObservations":{"count":20000992,"self":26.0409392,"total":26.0409388,"children":null},"WriteActionMask":{"count":20000992,"self":12.6616992,"total":12.661699299999999,"children":null},"RequestDecision":{"count":20000992,"self":53.370495999999996,"total":628.9543547,"children":{"AgentInfo.ToProto":{"count":20000992,"self":44.8347264,"total":575.58386009999992,"children":{"GenerateSensorData":{"count":20000992,"self":426.2934272,"total":530.74913359999994,"children":{"RayPerceptionSensor.Perceive":{"count":20000992,"self":104.4557184,"total":104.45571729999999,"children":null}}}}}}}}},"DecideAction":{"count":3125151,"self":15905.808384,"total":15905.8079337,"children":null},"AgentAct":{"count":3125151,"self":89.93825919999999,"total":90.823170199999993,"children":{"AgentInfo.ToProto":{"count":21730,"self":0.0976176,"total":0.8849098,"children":{"GenerateSensorData":{"count":21730,"self":0.6374425,"total":0.7872922,"children":{"RayPerceptionSensor.Perceive":{"count":21730,"self":0.1498497,"total":0.1498497,"children":null}}}}}}},"AgentInfo.ToProto":{"count":618742,"self":3.5079292,"total":28.0074316,"children":{"GenerateSensorData":{"count":618742,"self":19.856896,"total":24.4995023,"children":{"RayPerceptionSensor.Perceive":{"count":618742,"self":4.6426072,"total":4.642607,"children":null}}}}}},"gauges":{"BasicFindTarget.CumulativeReward":{"count":640472,"max":2,"min":-6,"runningAverage":0.681428552,"value":1,"weightedAverage":0.5733488}},"metadata":{"timer_format_version":"0.1.0","start_time_seconds":"1657696837","unity_version":"2021.3.4f1","command_line_arguments":"C:\\Program Files\\Unity\\Hub\\Editor\\2021.3.4f1\\Editor\\Unity.exe -projectpath C:\\Projects\\Machine-Learning\\MLTestArea\\MLTest2 -useHub -hubIPC -cloudEnvironment production -licensingIpc LicenseClient-ideto -hubSessionId d0d19300-01d9-11ed-9392-6bd780a0e981 -accessToken JuYdXZbGZcTK6J95eLnl090NLXHUCPt_a09R6F-sY6w005f","communication_protocol_version":"1.5.0","com.unity.ml-agents_version":"2.0.1","scene_name":"SampleScene","end_time_seconds":"1657716703"}}