{"count":1,"self":529.2728832,"total":3361.4218745,"children":{"InitializeActuators":{"count":8,"self":0.00099739999999999985,"total":0.00099739999999999985,"children":null},"InitializeSensors":{"count":8,"self":0.0029727,"total":0.0029727,"children":null},"AgentSendState":{"count":625034,"self":89.5632832,"total":128.5410234,"children":{"CollectObservations":{"count":1000056,"self":2.0013248,"total":2.0013248,"children":null},"WriteActionMask":{"count":1000056,"self":0.80805679999999991,"total":0.80805679999999991,"children":null},"RequestDecision":{"count":1000056,"self":3.3497634,"total":36.1683605,"children":{"AgentInfo.ToProto":{"count":1000056,"self":2.7091656,"total":32.8185971,"children":{"GenerateSensorData":{"count":1000056,"self":22.003622399999998,"total":30.109431599999997,"children":{"RayPerceptionSensor.Perceive":{"count":6000336,"self":8.1058095999999988,"total":8.1058092,"children":null}}}}}}}}},"DecideAction":{"count":625034,"self":2687.9420416,"total":2687.9419723,"children":null},"AgentAct":{"count":625034,"self":15.4859072,"total":15.485907,"children":null},"AgentInfo.ToProto":{"count":3862,"self":0.023936199999999998,"total":0.17613499999999999,"children":{"GenerateSensorData":{"count":3862,"self":0.1142633,"total":0.1521988,"children":{"RayPerceptionSensor.Perceive":{"count":23172,"self":0.0379355,"total":0.0379355,"children":null}}}}}},"gauges":{"Ship.CumulativeReward":{"count":3862,"max":8.628261,"min":-8.67662048,"runningAverage":-0.0366429128,"value":1.05903316,"weightedAverage":1.60620379}},"metadata":{"timer_format_version":"0.1.0","start_time_seconds":"1657300512","unity_version":"2021.3.4f1","command_line_arguments":"C:\\Program Files\\Unity\\Hub\\Editor\\2021.3.4f1\\Editor\\Unity.exe -projectpath C:\\Projects\\Machine-Learning\\MLTestArea\\MLTest2 -useHub -hubIPC -cloudEnvironment production -licensingIpc LicenseClient-ideto -hubSessionId 497a8f60-feb4-11ec-a049-3dbbfd95c2c9 -accessToken hGJFwPuz4ntz_Us1D7vxUg50mf7ANG2Yjg69bHGzm7A005f","communication_protocol_version":"1.5.0","com.unity.ml-agents_version":"2.0.1","scene_name":"SpaceScene","end_time_seconds":"1657303873"}}